{
    "accuracy": 0.9286764705882353,
    "macro": {
        "precision": 0.9434302956306224,
        "recall": 0.9391158901352273,
        "f1-score": 0.9409413227681275,
        "support": 2720.0
    }
}
