{
    "accuracy": 0.9352941176470588,
    "macro": {
        "precision": 0.946206804414562,
        "recall": 0.9437934310563286,
        "f1-score": 0.9447594273774186,
        "support": 2720.0
    }
}
