{
    "accuracy": 0.9294117647058824,
    "macro": {
        "precision": 0.9421248895230783,
        "recall": 0.9402107298022574,
        "f1-score": 0.9407958002555964,
        "support": 2720.0
    }
}
