{
    "accuracy": 0.9297794117647059,
    "macro": {
        "precision": 0.9428382975262336,
        "recall": 0.9399234405733721,
        "f1-score": 0.9412272450080704,
        "support": 2720.0
    }
}
