{
    "accuracy": 0.9279411764705883,
    "macro": {
        "precision": 0.9394326444218496,
        "recall": 0.9376134803148668,
        "f1-score": 0.9381760694298195,
        "support": 2720.0
    }
}
