{"BARBUNYA": {"precision": 0.9543568464730291, "recall": 0.905511811023622, "f1-score": 0.9292929292929293, "support": 254.0}, "BOMBAY": {"precision": 1.0, "recall": 1.0, "f1-score": 1.0, "support": 116.0}, "CALI": {"precision": 0.9420731707317073, "recall": 0.9420731707317073, "f1-score": 0.9420731707317073, "support": 328.0}, "DERMASON": {"precision": 0.927170868347339, "recall": 0.9118457300275482, "f1-score": 0.9194444444444444, "support": 726.0}, "HOROZ": {"precision": 0.9626666666666667, "recall": 0.9601063829787234, "f1-score": 0.9613848202396804, "support": 376.0}, "SEKER": {"precision": 0.9489795918367347, "recall": 0.9612403100775194, "f1-score": 0.9550706033376123, "support": 387.0}, "SIRA": {"precision": 0.8646209386281588, "recall": 0.8986866791744841, "f1-score": 0.8813247470101196, "support": 533.0}, "accuracy": 0.9297794117647059, "macro avg": {"precision": 0.9428382975262336, "recall": 0.9399234405733721, "f1-score": 0.9412272450080704, "support": 2720.0}, "weighted avg": {"precision": 0.9303652273605182, "recall": 0.9297794117647059, "f1-score": 0.9299250649872206, "support": 2720.0}}