{"0": {"precision": 0.9717741935483871, "recall": 0.8992537313432836, "f1-score": 0.9341085271317829, "support": 268.0}, "1": {"precision": 1.0, "recall": 1.0, "f1-score": 1.0, "support": 104.0}, "2": {"precision": 0.9278996865203761, "recall": 0.976897689768977, "f1-score": 0.9517684887459807, "support": 303.0}, "3": {"precision": 0.9094766619519095, "recall": 0.9278499278499278, "f1-score": 0.9185714285714286, "support": 693.0}, "4": {"precision": 0.97911227154047, "recall": 0.9517766497461929, "f1-score": 0.9652509652509652, "support": 394.0}, "5": {"precision": 0.9341463414634147, "recall": 0.9364303178484108, "f1-score": 0.9352869352869353, "support": 409.0}, "6": {"precision": 0.8816029143897997, "recall": 0.8816029143897997, "f1-score": 0.8816029143897997, "support": 549.0}, "accuracy": 0.9286764705882353, "macro avg": {"precision": 0.9434302956306224, "recall": 0.9391158901352273, "f1-score": 0.9409413227681275, "support": 2720.0}, "weighted avg": {"precision": 0.9292987148032341, "recall": 0.9286764705882353, "f1-score": 0.9287272699274217, "support": 2720.0}}