{"BARBUNYA": {"precision": 0.950381679389313, "recall": 0.8924731182795699, "f1-score": 0.9205175600739371, "support": 279.0}, "BOMBAY": {"precision": 1.0, "recall": 1.0, "f1-score": 1.0, "support": 107.0}, "CALI": {"precision": 0.9219219219219219, "recall": 0.9684542586750788, "f1-score": 0.9446153846153846, "support": 317.0}, "DERMASON": {"precision": 0.9226277372262773, "recall": 0.9226277372262773, "f1-score": 0.9226277372262773, "support": 685.0}, "HOROZ": {"precision": 0.9796437659033079, "recall": 0.9600997506234414, "f1-score": 0.9697732997481109, "support": 401.0}, "SEKER": {"precision": 0.9658536585365853, "recall": 0.9611650485436893, "f1-score": 0.9635036496350365, "support": 412.0}, "SIRA": {"precision": 0.8830188679245283, "recall": 0.9017341040462428, "f1-score": 0.892278360343184, "support": 519.0}, "accuracy": 0.9352941176470588, "macro avg": {"precision": 0.946206804414562, "recall": 0.9437934310563286, "f1-score": 0.9447594273774186, "support": 2720.0}, "weighted avg": {"precision": 0.935831392535293, "recall": 0.9352941176470588, "f1-score": 0.9353685816361931, "support": 2720.0}}