{"BARBUNYA": {"precision": 0.9606299212598425, "recall": 0.9104477611940298, "f1-score": 0.9348659003831418, "support": 268.0}, "BOMBAY": {"precision": 1.0, "recall": 1.0, "f1-score": 1.0, "support": 112.0}, "CALI": {"precision": 0.9192546583850931, "recall": 0.9579288025889967, "f1-score": 0.9381933438985737, "support": 309.0}, "DERMASON": {"precision": 0.9069148936170213, "recall": 0.9355281207133059, "f1-score": 0.9209993247805537, "support": 729.0}, "HOROZ": {"precision": 0.9722222222222222, "recall": 0.9390243902439024, "f1-score": 0.9553349875930521, "support": 410.0}, "SEKER": {"precision": 0.935656836461126, "recall": 0.9803370786516854, "f1-score": 0.9574759945130316, "support": 356.0}, "SIRA": {"precision": 0.9001956947162426, "recall": 0.8582089552238806, "f1-score": 0.8787010506208214, "support": 536.0}, "accuracy": 0.9294117647058824, "macro avg": {"precision": 0.9421248895230783, "recall": 0.9402107298022574, "f1-score": 0.9407958002555964, "support": 2720.0}, "weighted avg": {"precision": 0.9297240084722862, "recall": 0.9294117647058824, "f1-score": 0.9291863508915131, "support": 2720.0}}