{"BARBUNYA": {"precision": 0.9552845528455285, "recall": 0.8801498127340824, "f1-score": 0.9161793372319688, "support": 267.0}, "BOMBAY": {"precision": 1.0, "recall": 1.0, "f1-score": 1.0, "support": 99.0}, "CALI": {"precision": 0.9121212121212121, "recall": 0.9376947040498442, "f1-score": 0.9247311827956989, "support": 321.0}, "DERMASON": {"precision": 0.9396067415730337, "recall": 0.9114441416893733, "f1-score": 0.9253112033195021, "support": 734.0}, "HOROZ": {"precision": 0.9559228650137741, "recall": 0.9719887955182073, "f1-score": 0.9638888888888889, "support": 357.0}, "SEKER": {"precision": 0.954653937947494, "recall": 0.966183574879227, "f1-score": 0.9603841536614646, "support": 414.0}, "SIRA": {"precision": 0.8584392014519057, "recall": 0.8958333333333334, "f1-score": 0.8767377201112141, "support": 528.0}, "accuracy": 0.9279411764705883, "macro avg": {"precision": 0.9394326444218496, "recall": 0.9376134803148668, "f1-score": 0.9381760694298195, "support": 2720.0}, "weighted avg": {"precision": 0.9287758545963448, "recall": 0.9279411764705883, "f1-score": 0.9280374651186656, "support": 2720.0}}